epoch,loss,reward,step
2,0.00226686242967844,-0.019199879840016365,49
