{"EPjFWdd5AufqSSqeM2qN1xzybapC8G4wEGGkZsaAkJ9":{"amount":8.0,"current_price":1.0,"entry_price":0.8019299752694906,"roi":0.24699167114179446},"So11111111111111111111111111111111111111112":{"amount":9.0,"current_price":1.0,"entry_price":0.7981174438362463,"roi":0.25294843224247954}}
