{"checkpoint_path":null,"last_train_time":null,"metrics":[{"loss":0.9962997323010957,"reward":0.011953900490803348},{"loss":0.982358738921578,"reward":-0.010835018798018172},{"loss":0.9693252914579712,"reward":0.0069144962213573136},{"loss":0.969596664854176,"reward":-0.009927260699697694}]}
