epoch,loss,reward,step
2,-0.003547443076968193,0.0026406235992908478,49
