epoch,loss,reward,step
2,0.003062963718548417,-0.05981791764497757,49
