epoch,loss,reward,step
2,8.912893179058301e-08,0.005781249143183231,49
