{"EPjFWdd5AufqSSqeM2qN1xzybapC8G4wEGGkZsaAkJ9":{"amount":14.600000000000001,"entry_price":0.692117354997272,"high_price":1.0201},"So11111111111111111111111111111111111111112":{"amount":13.5,"entry_price":0.6953820265468075,"high_price":1.01},"Es9vMFrzaCERmJfrF4H2FYD4KCoNkY11McCe8BenwNYB":{"amount":1.0,"entry_price":0.5984405053901137,"high_price":0.5984405053901137}}