{"EPjFWdd5AufqSSqeM2qN1xzybapC8G4wEGGkZsaAkJ9":{"amount":14.600000000000001,"entry_price":0.692117354997272,"high_price":1.0201,"breakeven_price":0.692117354997272,"breakeven_bps":0.0,"lifecycle":"open","attribution":{},"realized_pnl":0.0,"unrealized_pnl":0.0,"last_mark":0.692117354997272},"So11111111111111111111111111111111111111112":{"amount":13.5,"entry_price":0.6953820265468075,"high_price":229.7,"breakeven_price":0.6953820265468075,"breakeven_bps":0.0,"lifecycle":"open","attribution":{},"realized_pnl":0.0,"unrealized_pnl":2796.182342641618,"last_mark":207.82},"Es9vMFrzaCERmJfrF4H2FYD4KCoNkY11McCe8BenwNYB":{"amount":1.0,"entry_price":0.5984405053901137,"high_price":1.0037,"breakeven_price":0.5984405053901137,"breakeven_bps":0.0,"lifecycle":"open","attribution":{},"realized_pnl":0.0,"unrealized_pnl":0.40285949460988635,"last_mark":1.0013}}