epoch,loss,reward,step
2,-0.0031764013692736626,0.005781250074505806,49
