epoch,loss,reward,step
2,0.010616055689752102,-0.009921876713633537,49
