epoch,loss,reward,step
2,1.4913647646608297e-05,-0.006781251169741154,49
