epoch,loss,reward,step
2,0.282905638217926,0.011618651449680328,49
