epoch,loss,reward,step
2,0.004794645123183727,0.10934504121541977,49
