epoch,loss,reward,step
2,0.017195267602801323,-0.013062503188848495,49
