epoch,loss,reward,step
2,-0.00196358235552907,0.005781248211860657,49
