epoch,loss,reward,step
2,0.300840824842453,0.04647503048181534,49
