epoch,loss,reward,step
2,0.0003453614190220833,-0.09200122952461243,49
