epoch,loss,reward,step
2,7.088069509109118e-08,0.012062499299645424,49
