epoch,loss,reward,step
2,2.0896891328447964e-07,-0.006781251169741154,49
