epoch,loss,reward,step
2,1.391382795645768e-07,0.005781249143183231,49
