epoch,loss,reward,step
2,0.005267206579446793,0.03705394268035889,49
