epoch,loss,reward,step
2,-0.00902453064918518,0.008921874687075615,49
