epoch,loss,reward,step
2,1.2041611796576035e-07,-0.019343752413988113,49
