epoch,loss,reward,step
2,1.4152128358091431e-07,0.015203124843537807,49
