epoch,loss,reward,step
2,1.6174755728570744e-05,-0.04787124693393707,49
