epoch,loss,reward,step
2,0.3946927487850189,-0.0038889385759830475,49
