epoch,loss,reward,step
1,0.00041284921462647617,-0.044680118560791016,49
2,3.3715023164404556e-05,0.003993552178144455,99
