epoch,loss,reward,step
2,-0.006190174259245396,0.005781248677521944,49
