epoch,loss,reward,step
1,0.20539513230323792,0.0386139415204525,49
2,0.2148137390613556,0.015194371342658997,99
