epoch,loss,reward,step
2,1.3653928476742294e-07,0.008921874687075615,49
