epoch,loss,reward,step
2,-0.005246458575129509,0.005781249608844519,49
