epoch,loss,reward,step
2,0.28582796454429626,0.05316012352705002,49
