epoch,loss,reward,step
2,0.008123774081468582,0.031654197722673416,49
