epoch,loss,reward,step
2,0.037668559700250626,-0.03190625086426735,49
