epoch,loss,reward,step
2,0.10609816759824753,0.12087781727313995,49
