epoch,loss,reward,step
2,1.953511485908166e-08,-0.0005000005476176739,49
