epoch,loss,reward,step
2,0.013443611562252045,-0.013062501326203346,49
