epoch,loss,reward,step
2,1.3280731536724488e-07,0.008921874687075615,49
