{"EPjFWdd5AufqSSqeM2qN1xzybapC8G4wEGGkZsaAkJ9":{"amount":3.0,"current_price":1.0,"entry_price":1.0201,"roi":-0.019703950593079115},"So11111111111111111111111111111111111111112":{"amount":3.0,"current_price":1.0,"entry_price":1.01,"roi":-0.00990099009900991}}
